article_id,DOI,journal_name,title
2369,https://doi.org/10.1111/bjhp.12276,BRITISH JOURNAL OF HEALTH PSYCHOLOGY,Self-management support in routine primary care by nurses
5273,https://doi.org/10.1016/j.addbeh.2018.03.027,ADDICTIVE BEHAVIORS,Difficulties regulating positive emotions and alcohol and drug misuse: A path analysis
1252,https://doi.org/10.1002/eat.22890,INTERNATIONAL JOURNAL OF EATING DISORDERS,Social anxiety and eating disorder comorbidity and underlying vulnerabilities: Using network analysis to conceptualize comorbidity
356,https://doi.org/10.1016/j.invent.2018.01.001,INTERNET INTERVENTIONS-THE APPLICATION OF INFORMATION TECHNOLOGY IN MENTAL AND BEHAVIOURAL HEALTH,Internet-based cognitive behavioral therapy for adolescents with anxiety disorders: A feasibility study
7700,https://doi.org/10.1002/bin.1504,BEHAVIORAL INTERVENTIONS,Using backward chaining and a physical guidance delay to teach self-feeding
3954,https://doi.org/10.1037/hea0000635,HEALTH PSYCHOLOGY,Perceived Weight and Barriers to Physical Activity in Parent-Adolescent Dyads
5403,https://doi.org/10.1080/17522439.2018.1460392,PSYCHOSIS-PSYCHOLOGICAL SOCIAL AND INTEGRATIVE APPROACHES,Psychotherapy in schizophrenia: a retrospective controlled study
932,https://doi.org/10.1002/capr.12186,COUNSELLING & PSYCHOTHERAPY RESEARCH,"""It's like a refuge"": Young people's relationships with school counsellors"
5637,https://doi.org/10.1080/17432979.2018.1448302,BODY MOVEMENT AND DANCE IN PSYCHOTHERAPY,Resistance as a 'dance' between client and therapist
4002,https://doi.org/10.1080/08975353.2017.1410768,JOURNAL OF FAMILY PSYCHOTHERAPY,Developing Alternative Stories with Partners of Illicit Substance Users
259,https://doi.org/10.1080/15332691.2018.1433569,JOURNAL OF COUPLE & RELATIONSHIP THERAPY-INNOVATIONS IN CLINICAL AND EDUCATIONAL INTERVENTIONS,"Forgiveness, Attributions, and Marital Quality in U.S. and Indian Marriages"
5434,https://doi.org/10.1037/fam0000372,JOURNAL OF FAMILY PSYCHOLOGY,Bidirectional Effects Between Parenting Sensitivity and Child Behavior: A Cross-Lagged Analysis Across Middle Childhood and Adolescence
481,https://doi.org/10.1017/S1355617718000462,JOURNAL OF THE INTERNATIONAL NEUROPSYCHOLOGICAL SOCIETY,Modeling the Structure of Acute Sport-Related Concussion Symptoms: A Bifactor Approach
7326,https://doi.org/10.1002/jts.22257,JOURNAL OF TRAUMATIC STRESS,Parent Discrepancies in Ratings of Child Behaviors Following Wartime Deployment
8491,https://doi.org/10.1016/j.addbeh.2017.09.018,ADDICTIVE BEHAVIORS,Testing weight motives and guilt/shame as mediators of the relationship between alcohol use and physical activity
2454,https://doi.org/10.1080/0167482X.2017.1312335,JOURNAL OF PSYCHOSOMATIC OBSTETRICS & GYNECOLOGY,Impact of different educational interventions on psychosocial well-being of women with a positive high-risk human papillomavirus and normal cervical cytology: a randomised trial
7789,https://doi.org/10.1007/s10802-017-0303-8,JOURNAL OF ABNORMAL CHILD PSYCHOLOGY,The Mediating Role of Autonomy and Relatedness on Maternal and Child Outcomes
5468,https://doi.org/10.1037/rep0000205,REHABILITATION PSYCHOLOGY,Coping and Posttraumatic Growth: A Longitudinal Comparison of Two Alternative Views
6341,https://doi.org/10.1017/S1041610216001204,INTERNATIONAL PSYCHOGERIATRICS,Attitudes to diagnosis and management in dementia care: views of future general practitioners
2274,https://doi.org/10.1177/1359105316644294,JOURNAL OF HEALTH PSYCHOLOGY,A critical review of sanctioned knowledge production concerning abortion in Africa: Implications for feminist health psychology
2552,https://doi.org/10.1177/1359105316669879,JOURNAL OF HEALTH PSYCHOLOGY,Nutritionism and the construction of 'poor choices' in families facing food insecurity
727,https://doi.org/10.1007/s40617-018-00285-7,BEHAVIOR ANALYSIS IN PRACTICE,The Use of a Multicomponent Behavioral Intervention to Promote Physical Activity in Adolescents with Autism Spectrum Disorders across Inclusive Community Settings
945,https://doi.org/10.1037/abn0000372,JOURNAL OF ABNORMAL PSYCHOLOGY,Eye Avoidance in Young Children With Autism Spectrum Disorder Is Modulated by Emotional Facial Expressions
626,https://doi.org/10.1002/eat.22957,INTERNATIONAL JOURNAL OF EATING DISORDERS,Self-report measures of loss of control over eating: Psychometric properties in clinical and non-clinical samples
4358,https://doi.org/10.1007/s12671-017-0865-0,MINDFULNESS,"Single vs. Group Mindfulness Meditation: Effects on Personality, Religiousness/Spirituality, and Mindfulness Skills"
6534,https://doi.org/10.1007/s10508-017-1037-y,ARCHIVES OF SEXUAL BEHAVIOR,Face Validity Ratings of Sexual Orientation Scales by Sexual Minority Adults: Effects of Sexual Orientation and Gender Identity
1396,https://doi.org/10.1002/eat.22925,INTERNATIONAL JOURNAL OF EATING DISORDERS,Emotion dysregulation and eating disordersAssociations with diagnostic presentation and key symptoms
5123,https://doi.org/10.1002/hup.2663,HUMAN PSYCHOPHARMACOLOGY-CLINICAL AND EXPERIMENTAL,Why meta is better: A reply to Linden-Carmichael et al. (2018)
2818,https://doi.org/NA,BEHAVIOR THERAPY,Behavioral Versus Nonbehavioral Guided Self-Help for Parents of Children With Externalizing Disorders in a Randomized Controlled Trial
517,https://doi.org/10.1080/07317107.2018.1522152,CHILD & FAMILY BEHAVIOR THERAPY,Gender and Age Differences in Social Skills Among Children with ADHD: Peer Problems and Prosocial Behavior
8225,https://doi.org/10.1002/eat.22802,INTERNATIONAL JOURNAL OF EATING DISORDERS,Normal white matter microstructure in women long-term recovered from anorexia nervosa: A diffusion tensor imaging study
8566,https://doi.org/10.1016/j.addbeh.2017.08.016,ADDICTIVE BEHAVIORS,"The association between multidimensional feminine norms, binge drinking and alcohol-related problems among young adult college women"
103,https://doi.org/10.1176/appi.psychotherapy.20180012,AMERICAN JOURNAL OF PSYCHOTHERAPY,Unconscious Repetition of a Patient's Dynamics on an Inpatient Unit: Treatment Challenges
5348,https://doi.org/10.1016/j.bodyim.2018.02.008,BODY IMAGE,Weight bias internalization across weight categories among school-aged children. Validation of the Weight Bias Internalization Scale for Children
7146,https://doi.org/10.1080/13854046.2017.1368715,CLINICAL NEUROPSYCHOLOGIST,Performance on the Test of Memory Malingering is predicted by the number of errors on its first 10 items on an inpatient epilepsy monitoring unit
1693,https://doi.org/10.1002/jclp.22644,JOURNAL OF CLINICAL PSYCHOLOGY,"Travelling the circle together, solo: An individual protocol for the Circle of Security intensive intervention"
4172,https://doi.org/10.1111/bjc.12173,BRITISH JOURNAL OF CLINICAL PSYCHOLOGY,Emotional preferences and goals and emotion dysregulation in children with Asperger's syndrome and typically developing children
5897,https://doi.org/10.1080/00952990.2018.1460375,AMERICAN JOURNAL OF DRUG AND ALCOHOL ABUSE,High-alcohol-content flavored alcoholic beverages (supersized alcopops) should be reclassified to reduce public health hazard
5611,https://doi.org/10.1177/0002764218768844,AMERICAN BEHAVIORAL SCIENTIST,Developing Sustainable Methods for Broadening Participation by Transforming Mainstream Science and Technology Communities Through the Normalization of Inclusion
3619,https://doi.org/10.1016/j.jbtep.2018.06.012,JOURNAL OF BEHAVIOR THERAPY AND EXPERIMENTAL PSYCHIATRY,Attention bias for appearance words can be reduced in women: Results from a single-session attention bias modification task
16,https://doi.org/10.1080/09638237.2018.1466040,JOURNAL OF MENTAL HEALTH,"Mental health and debt collection: a story of progress? Exploring changes in debt collectors' attitudes and practices when working with customers with mental health problems, 2010-2016"
5445,https://doi.org/10.1007/s11469-017-9801-8,INTERNATIONAL JOURNAL OF MENTAL HEALTH AND ADDICTION,Sensitivity of the ASAM Criteria to Psychiatric Need
988,https://doi.org/10.1037/abn0000387,JOURNAL OF ABNORMAL PSYCHOLOGY,"An Experimental Test of the Role of Appearance-Related Safety Behaviors in Body Dysmorphic Disorder, Social Anxiety, and Body Dissatisfaction"
7810,https://doi.org/10.1080/10640266.2018.1418314,EATING DISORDERS,Affective predictors of the severity and change in eating psychopathology in residential eating disorder treatment: The role of social anxiety
8274,https://doi.org/10.1080/10503307.2016.1169329,PSYCHOTHERAPY RESEARCH,A conceptual model for generating and validating in-session clinical judgments
2344,https://doi.org/10.1016/j.janxdis.2017.08.002,JOURNAL OF ANXIETY DISORDERS,Lower-order anxiety sensitivity and intolerance of uncertainty dimensions operate as specific vulnerabilities for social anxiety and depression within a hierarchical model
149,https://doi.org/10.1177/2055102918819260,HEALTH PSYCHOLOGY OPEN,Weight and social comparison: Does the weight of a stranger affect a person's perception of their own weight?
7140,https://doi.org/10.1007/s10608-017-9872-7,COGNITIVE THERAPY AND RESEARCH,Increased Attention Regulation from Emotion Regulation Therapy for Generalized Anxiety Disorder
5689,https://doi.org/10.1080/09638237.2018.1437611,JOURNAL OF MENTAL HEALTH,Undergraduate mental health issues: the challenge of the second year of study
100,https://doi.org/10.1176/appi.psychotherapy.20180015,AMERICAN JOURNAL OF PSYCHOTHERAPY,Mindfulness-Based Psychotherapy Approaches for First Responders: From Research to Clinical Practice
2346,https://doi.org/10.1007/s10508-017-0990-9,ARCHIVES OF SEXUAL BEHAVIOR,Gay Men's Health and Identity: Social Change and the Life Course
2450,https://doi.org/10.1177/1073191116653471,ASSESSMENT,Evaluating the Structure of Sluggish Cognitive Tempo Using Confirmatory Factor Analytic and Bifactor Modeling With Parent and Youth Ratings
91,https://doi.org/10.1176/appi.psychotherapy.20180017,AMERICAN JOURNAL OF PSYCHOTHERAPY,"The Supervision Pyramid: A Commonalities-Based Synthesis of Intervention, Relationship, and Person/Personhood"
6925,https://doi.org/10.1080/00224499.2017.1298715,JOURNAL OF SEX RESEARCH,The Context of Sexual Decisions and Intrapersonal and Interpersonal Factors Related to Sexual Initiation Among Female Military-Dependent Youth
7349,https://doi.org/10.1111/cp.12094,CLINICAL PSYCHOLOGIST,Characteristics of non-suicidal self-injury in women accessing internet help sites
5174,https://doi.org/10.1080/87568225.2017.1400299,JOURNAL OF COLLEGE STUDENT PSYCHOTHERAPY,Therapist Directiveness and Client Reactance in the Administration of Homework in Therapy with College Students
6995,https://doi.org/10.1080/17454832.2017.1360372,INTERNATIONAL JOURNAL OF ART THERAPY,'Who is in the castle?' One man's use of the Frankenstein story in art therapy
4816,https://doi.org/10.1037/per0000280,PERSONALITY DISORDERS-THEORY RESEARCH AND TREATMENT,Borderline Personality Disorder Affective Instability: What You Know Impacts How You Feel
5878,https://doi.org/10.1177/1359105316681063,JOURNAL OF HEALTH PSYCHOLOGY,Will personal values predict the development of smoking and drinking behaviors? A prospective cohort study of children and adolescents in Taiwan
6782,https://doi.org/10.1080/00223891.2017.1282866,JOURNAL OF PERSONALITY ASSESSMENT,Computer Scoring of Emotional Awareness in a Nonclinical Population of Young Adults
6586,https://doi.org/10.1016/j.addbeh.2018.02.010,ADDICTIVE BEHAVIORS,Race/ethnicity and racial group composition moderate the effectiveness of mindfulness-based relapse prevention for substance use disorder
5232,https://doi.org/10.1037/pha0000192,EXPERIMENTAL AND CLINICAL PSYCHOPHARMACOLOGY,Cigarette and E-Liquid Demand and Substitution in E-Cigarette-Naive Smokers
4680,https://doi.org/10.1002/jaba.462,JOURNAL OF APPLIED BEHAVIOR ANALYSIS,Functional analysis screening for multiple topographies of problem behavior
7453,https://doi.org/10.1016/j.addbeh.2017.11.007,ADDICTIVE BEHAVIORS,Industry interests in gambling research: Lessons learned from other forms of hazardous consumption
951,https://doi.org/10.1037/abn0000379,JOURNAL OF ABNORMAL PSYCHOLOGY,Patterns and Predictors of Persistence of Suicide Ideation: Results From the Army Study to Assess Risk and Resilience in Servicemembers (Army STARRS)
8102,https://doi.org/10.1016/j.jsat.2017.11.010,JOURNAL OF SUBSTANCE ABUSE TREATMENT,"Increasing diversion of methadone in Vancouver, Canada, 2005-2015"
5261,https://doi.org/10.1016/j.addbeh.2018.01.003,ADDICTIVE BEHAVIORS,Situational HIV stigma and stimulant use: A day-level autoregressive cross lagged path model among HIV-positive gay and bisexual men
1925,https://doi.org/10.1177/0002764217739660,AMERICAN BEHAVIORAL SCIENTIST,"Narcissism, Fame Seeking, and Mass Shootings"
4407,https://doi.org/10.1177/0093854818777556,CRIMINAL JUSTICE AND BEHAVIOR,"When Does Religion Matter With Regard to Crime? Examining the Relationship Between Genetics, Religiosity, and Criminal Behavior"
2859,https://doi.org/10.1177/0002764218773495,AMERICAN BEHAVIORAL SCIENTIST,Foundations in Australia: Dimensions for International Comparison
4856,https://doi.org/10.30552/ejihpe.v8i1.224,EUROPEAN JOURNAL OF INVESTIGATION IN HEALTH PSYCHOLOGY AND EDUCATION,Why is he special? The importance of educational diet in children with Hemiplegic Cerebral Palsy: a case study
1889,https://doi.org/10.1177/0093854818758808,CRIMINAL JUSTICE AND BEHAVIOR,Police Officers' Perceptions of Statement Inconsistency
8553,https://doi.org/10.1016/j.addbeh.2017.08.027,ADDICTIVE BEHAVIORS,Motives for simultaneous alcohol and marijuana use among young adults
1907,https://doi.org/10.1002/eat.22869,INTERNATIONAL JOURNAL OF EATING DISORDERS,Weight suppression and weight elevation are associated with eating disorder symptomatology in women age 50 and older: Results of the gender and body image study
3310,https://doi.org/10.1016/j.addbeh.2018.06.027,ADDICTIVE BEHAVIORS,Comparing cigarette and e-cigarette dependence and predicting frequency of smoking and e-cigarette use in dual-users of cigarettes and e-cigarettes
6670,https://doi.org/NA,JOURNAL OF SOCIAL AND CLINICAL PSYCHOLOGY,"HOME IS WHERE YOU HANG YOUR HAT: HOST TOWN IDENTITY, BUT NOT HOMETOWN IDENTITY, PROTECTS AGAINST MENTAL HEALTH SYMPTOMS ASSOCIATED WITH FINANCIAL STRESS"
2310,https://doi.org/10.1002/capr.12139,COUNSELLING & PSYCHOTHERAPY RESEARCH,Attitudes of therapists towards people with learning disabilities
4395,https://doi.org/10.1017/S1041610217002411,INTERNATIONAL PSYCHOGERIATRICS,Polimedication: applicability of a computer tool to reduce polypharmacy in nursing homes
7614,https://doi.org/10.1111/papt.12151,PSYCHOLOGY AND PSYCHOTHERAPY-THEORY RESEARCH AND PRACTICE,Treatment of obsessive morbid jealousy with cognitive analytic therapy: An adjudicated hermeneutic single-case efficacy design evaluation
4895,https://doi.org/10.1080/13803395.2017.1420143,JOURNAL OF CLINICAL AND EXPERIMENTAL NEUROPSYCHOLOGY,Diagnosis threat and underperformance: The threat must be relevant and implicit
6050,https://doi.org/10.1016/j.addbeh.2018.02.023,ADDICTIVE BEHAVIORS,Shame mediates the relationship between depression and addictive behaviours
2910,https://doi.org/10.1177/0198742918763946,BEHAVIORAL DISORDERS,Positive Behavior Interventions and Supports Implementation in Secure Care Juvenile Justice Schools: Results of a National Survey of School Administrators
1248,https://doi.org/10.1017/S1041610217002678,INTERNATIONAL PSYCHOGERIATRICS,Aiding medical professionals in fitness-to-drive screenings for elderly drivers: development of an office-based screening tool
7382,https://doi.org/10.1080/09638237.2017.1340604,JOURNAL OF MENTAL HEALTH,"Practitioners' experience of the integration of mental health into primary health care in the West Rand District, South Africa"
4390,https://doi.org/10.1037/ccp0000319,JOURNAL OF CONSULTING AND CLINICAL PSYCHOLOGY,Severe and Enduring Anorexia Nervosa? Illness Severity and Duration Are Unrelated to Outcomes From Cognitive Behaviour Therapy
607,https://doi.org/10.1002/jts.22338,JOURNAL OF TRAUMATIC STRESS,A Randomized Controlled Trial of Group Cognitive Behavioral Treatment for Veterans Diagnosed With Chronic Posttraumatic Stress Disorder
2831,https://doi.org/10.1037/ser0000138,PSYCHOLOGICAL SERVICES,Increased Utilization of Prolonged Exposure and Cognitive Processing Therapy Over Time: A Case Example From a Large Veterans Affairs Posttraumatic Stress Disorder Clinic
2474,https://doi.org/10.1037/int0000129,JOURNAL OF PSYCHOTHERAPY INTEGRATION,Reactance and Engagement in Integrative Group Psychotherapy for Personality Dysfunction
2236,https://doi.org/10.1007/s10508-017-0989-2,ARCHIVES OF SEXUAL BEHAVIOR,Economic and Social Political Ideology and Homophobia: The Mediating Role of Binding and Individualizing Moral Foundations
8446,https://doi.org/10.1002/jclp.22495,JOURNAL OF CLINICAL PSYCHOLOGY,Black and White Parents' Willingness to Seek Help for Children's Internalizing and Externalizing Symptoms
8460,https://doi.org/10.4088/JCP.16cs10905,JOURNAL OF CLINICAL PSYCHIATRY,Consensus Recommendations for the Clinical Application of Repetitive Transcranial Magnetic Stimulation (rTMS) in the Treatment of Depression
4736,https://doi.org/10.1007/s10508-018-1176-9,ARCHIVES OF SEXUAL BEHAVIOR,"Associations Between Patterns of Sexual Initiation, Sexual Partnering, and Sexual Health Outcomes from Adolescence to Early Adulthood"
3482,https://doi.org/10.1177/0002764218787027,AMERICAN BEHAVIORAL SCIENTIST,"""I'm Not a Traditional Woman"": Tranquilizer Misuse as Self-Medication Among Adult Women"
2089,https://doi.org/10.1177/2167702617728705,CLINICAL PSYCHOLOGICAL SCIENCE,Why You Don't See the Forest for the Trees When You Are Anxious: Anxiety Impairs Intuitive Decision Making
7361,https://doi.org/10.1007/s10879-017-9366-7,JOURNAL OF CONTEMPORARY PSYCHOTHERAPY,Exploring Associations Between Therapy Factors and Post-therapy Development After Naturalistic Psychotherapies
1122,https://doi.org/10.1037/int0000095,JOURNAL OF PSYCHOTHERAPY INTEGRATION,Clinical Implications of a General Psychopathology Factor: A Cognitive-Behavioral Transdiagnostic Group Treatment for Community Mental Health
6681,https://doi.org/10.1002/cpp.2164,CLINICAL PSYCHOLOGY & PSYCHOTHERAPY,The cognitive-behavioural model of hoarding disorder: Evidence from clinical and non-clinical cohorts
162,https://doi.org/10.1177/2055102918792705,HEALTH PSYCHOLOGY OPEN,Toward the prevention of alcohol use disorders: Overdrinking (unintentional binge drinking) in a community sample
636,https://doi.org/10.1080/15374416.2018.1469091,JOURNAL OF CLINICAL CHILD AND ADOLESCENT PSYCHOLOGY,Longitudinal Association Between Peer Victimization and Sleep Problems in Preschoolers: The Moderating Role of Parenting
2754,https://doi.org/10.1037/rep0000238,REHABILITATION PSYCHOLOGY,Personal Disability Identity in Retinitis Pigmentosa
5664,https://doi.org/10.1007/s40617-018-0222-3,BEHAVIOR ANALYSIS IN PRACTICE,Emotional Overtones of Behavior Analysis Terms in English and Five Other Languages
3995,https://doi.org/10.1016/j.addbeh.2018.05.002,ADDICTIVE BEHAVIORS,Role preferences of patients with alcohol use disorders
5817,https://doi.org/10.1177/0093854818762483,CRIMINAL JUSTICE AND BEHAVIOR,Cross-Validation of the Discrimination and Calibration Properties of the VRAG-R in a Treated Sexual Offender Sample
4892,https://doi.org/10.1080/23279095.2017.1323754,APPLIED NEUROPSYCHOLOGY-ADULT,Variance in caregiver burden predicted by patient behaviors versus neuropsychological profile
6774,https://doi.org/10.1016/j.brat.2018.01.009,BEHAVIOUR RESEARCH AND THERAPY,Processes and pathways mediating the experience of social anxiety and negative rumination
3109,https://doi.org/10.1016/j.jsat.2018.08.006,JOURNAL OF SUBSTANCE ABUSE TREATMENT,Variations in prescription drug monitoring program use by prescriber specialty
2821,https://doi.org/NA,BEHAVIOR THERAPY,"I Did OK, but Did I Like It? Using Ecological Momentary Assessment to Examine Perceptions of Social Interactions Associated With Severity of Social Anxiety and Depression"
4174,https://doi.org/10.1080/10926771.2017.1410746,JOURNAL OF AGGRESSION MALTREATMENT & TRAUMA,"Exploring e Relationship Between Child Maltreatment, Intimate Partner Violence Victimization, and Self-Injurious Thoughts and Behaviors"
4622,https://doi.org/10.1111/1467-6427.12168,JOURNAL OF FAMILY THERAPY,A work-individual-family inquiry on mental health and family responsibilities of dealers employed in the Macau gaming industry
3740,https://doi.org/10.1093/arclin/acx104,ARCHIVES OF CLINICAL NEUROPSYCHOLOGY,Personality and Primary Emotional Traits: Disentangling Multiple Sclerosis Related Fatigue and Depression
3169,https://doi.org/10.1080/00224499.2017.1303438,JOURNAL OF SEX RESEARCH,Implicit and Explicit Attitudes Toward Sex and Romance in Asexuals
6627,https://doi.org/10.1037/pap0000152,PSYCHOANALYTIC PSYCHOLOGY,Resolving Alliance Ruptures from an Attachment-Informed Perspective
3546,https://doi.org/10.1007/s10896-018-9975-2,JOURNAL OF FAMILY VIOLENCE,"""He Wasn't Falling Apart ... We were Falling Apart' Understanding the Mental Health Impacts on Parents of Youth Who Sexually Offend"
1151,https://doi.org/10.1007/s10862-018-9648-8,JOURNAL OF PSYCHOPATHOLOGY AND BEHAVIORAL ASSESSMENT,Psychometric Properties of the Response to Anxiety Questionnaire
3565,https://doi.org/10.1080/10926771.2017.1382638,JOURNAL OF AGGRESSION MALTREATMENT & TRAUMA,Prevalence and Predictors of Psychological Violence Against Male Victims in Intimate Relationships in Canada
5675,https://doi.org/10.6092/2282-1619/2018.6.1827,MEDITERRANEAN JOURNAL OF CLINICAL PSYCHOLOGY,The Effectiveness of Social Skills Training on Reducing Autistic Children's Behavioral Problems
7860,https://doi.org/10.1080/13803395.2017.1313392,JOURNAL OF CLINICAL AND EXPERIMENTAL NEUROPSYCHOLOGY,Control over interfering memories in eating disorders
3578,https://doi.org/10.4088/JCP.17m11612,JOURNAL OF CLINICAL PSYCHIATRY,Prevalence of Impulsive-Compulsive Symptoms in Elderly Parkinson's Disease Patients: A Case-Control Study
4433,https://doi.org/10.1037/pha0000197,EXPERIMENTAL AND CLINICAL PSYCHOPHARMACOLOGY,Effects of Oxytocin on Working Memory and Executive Control System Connectivity in Posttraumatic Stress Disorder
4027,https://doi.org/10.1016/j.jcbs.2018.06.004,JOURNAL OF CONTEXTUAL BEHAVIORAL SCIENCE,The <i>Mindful Way through the Semester</i>: Evaluating the feasibility of delivering an acceptance-based behavioral program online
4635,https://doi.org/10.1177/2043808718778981,JOURNAL OF EXPERIMENTAL PSYCHOPATHOLOGY,Factors leading to immersion in obsessions
3252,https://doi.org/10.1111/bjhp.12320,BRITISH JOURNAL OF HEALTH PSYCHOLOGY,The physical and psychological health benefits of positive emotional writing: Investigating the moderating role of Type D (distressed) personality
5521,https://doi.org/10.1002/jclp.22551,JOURNAL OF CLINICAL PSYCHOLOGY,Motivation and treatment credibility predict alliance in cognitive behavioral treatment for youth with anxiety disorders in community clinics
1293,https://doi.org/10.1037/per0000306,PERSONALITY DISORDERS-THEORY RESEARCH AND TREATMENT,Hervey Cleckley (1903-1984): Contributions to the Study of Psychopathy
2015,https://doi.org/10.1016/j.addbeh.2017.11.039,ADDICTIVE BEHAVIORS,Mobile phone sensors and supervised machine learning to identify alcohol use events in young adults: Implications for just-in-time adaptive interventions
1406,https://doi.org/10.1037/rep0000172,REHABILITATION PSYCHOLOGY,Qualitative Study of Barriers and Facilitators to Cigarette Smoking After Spinal Cord Injury
3196,https://doi.org/10.1186/s40337-018-0214-2,JOURNAL OF EATING DISORDERS,Self-injurious behaviour in patients with anorexia nervosa: a quantitative study
7231,https://doi.org/10.1007/s10802-017-0319-0,JOURNAL OF ABNORMAL CHILD PSYCHOLOGY,Emotion-Focused Cognitive-Behavioral Therapy for Youth with Anxiety Disorders: A Randomized Trial
2609,https://doi.org/10.1177/1073191116680448,ASSESSMENT,A Computer Adaptive Measure of Delay Discounting
4669,https://doi.org/10.1016/j.addbeh.2018.05.007,ADDICTIVE BEHAVIORS,Prevalence and factors associated with use of hookah tobacco among young adults in the US
7796,https://doi.org/10.1080/10640266.2018.1418264,EATING DISORDERS,Restrictive eating is associated with emotion regulation difficulties in a non-clinical sample
8081,https://doi.org/10.1027/2512-8442/a000001,EUROPEAN JOURNAL OF HEALTH PSYCHOLOGY,"An Examination of the ""Freshman-15"" in Germany Predictors of Weight Change in Female University Students"
4001,https://doi.org/10.1017/S003329171700352X,PSYCHOLOGICAL MEDICINE,Reduced cortical thickness and increased gyrification in generalized anxiety disorder: a 3 T MRI study
2,https://doi.org/NA,INTERNATIONAL JOURNAL OF INTEGRATIVE PSYCHOTHERAPY,The Compatibility of Person-Centred Therapy and Buddhist Teachings
7816,https://doi.org/10.1080/16506073.2017.1357749,COGNITIVE BEHAVIOUR THERAPY,Anxiety sensitivity moderates the painful effects of feeling burdensome to others
2317,https://doi.org/10.1007/s10802-017-0314-5,JOURNAL OF ABNORMAL CHILD PSYCHOLOGY,Continued Bullying Victimization from Childhood to Young Adulthood: a Longitudinal Study of Mediating and Protective Factors
5683,https://doi.org/10.1080/10926771.2017.1322655,JOURNAL OF AGGRESSION MALTREATMENT & TRAUMA,Aggression in Children With Reactive Attachment Disorder: A Sign of Deficits in Emotional Regulatory Processes?
4540,https://doi.org/10.1016/j.eatbeh.2018.06.007,EATING BEHAVIORS,"An examination of the associations between pediatric loss of control eating, anxiety, and body composition in children and adolescents"
7727,https://doi.org/10.1177/1550059417736444,CLINICAL EEG AND NEUROSCIENCE,Exploration of the Pathophysiology of Chronic Pain Using Quantitative EEG Source Localization
3270,https://doi.org/10.1017/S1041610217002800,INTERNATIONAL PSYCHOGERIATRICS,A randomized controlled trial examining the impact of aged care residents' written life-stories on aged care staff knowledge and attitudes
5130,https://doi.org/10.1017/S0033291717003014,PSYCHOLOGICAL MEDICINE,Sociodemographic inequalities in the management of depression in adults aged 55 and over: an analysis of English primary care data
1225,https://doi.org/10.1080/13554794.2018.1506039,NEUROCASE,Pathological correlates of white matter hyperintensities in a case of progranulin mutation associated frontotemporal dementia
5865,https://doi.org/10.1017/S0033291717002872,PSYCHOLOGICAL MEDICINE,Age modification of the relationship between C-reactive protein and fatigue: findings from <i>Understanding Society</i> UKHLS)
1945,https://doi.org/10.1002/eat.22830,INTERNATIONAL JOURNAL OF EATING DISORDERS,"Medical findings in 1,026 consecutive adult inpatient-residential eating disordered patients"
7683,https://doi.org/10.1177/0093854817739928,CRIMINAL JUSTICE AND BEHAVIOR,High-Risk Violent Prisoners' Patterns of Change on Parole on the DRAOR's Dynamic Risk and Protective Factors
4277,https://doi.org/10.1037/ser0000171,PSYCHOLOGICAL SERVICES,Gender Differences in Associations Between <i>DSM-5</i> Posttraumatic Stress Disorder Symptom Clusters and Functional Impairment in War Veterans
5404,https://doi.org/10.1016/j.aip.2018.02.001,ARTS IN PSYCHOTHERAPY,"Auditory sensitivity in survivors of torture, political violence and flight-An exploratory study on risks and opportunities of music therapy"
5884,https://doi.org/10.1017/S0033291717003026,PSYCHOLOGICAL MEDICINE,Death by suicide at h Ward level in Northern Ireland
463,https://doi.org/10.17759/cpse.2018070404,CLINICAL PSYCHOLOGY AND SPECIAL EDUCATION,Dynamics of Intermodal Partial Functions and Body Scheme Orientation in Children and Pupils of 5-8 Years
6749,https://doi.org/10.1007/s12671-017-0791-1,MINDFULNESS,Mindfulness-Based Relapse Prevention for Substance Use Disorders: Effects on Cardiac Vagal Control and Craving Under Stress
2132,https://doi.org/10.4088/JCP.16m10730,JOURNAL OF CLINICAL PSYCHIATRY,"Secondary Prevention of Chronic PTSD by Early and Short-Term Administration of Escitalopram: A Prospective Randomized, Placebo-Controlled, Double-Blind Trial"
3958,https://doi.org/10.1037/hea0000620,HEALTH PSYCHOLOGY,"Trajectories of Marital, Parent-Child, and Sibling Conflict During Pediatric Cancer Treatment"
5080,https://doi.org/10.1007/s10802-017-0340-3,JOURNAL OF ABNORMAL CHILD PSYCHOLOGY,Self-Competence and Depressive Symptom Trajectories during Adolescence
8417,https://doi.org/10.1080/23279095.2016.1263795,APPLIED NEUROPSYCHOLOGY-ADULT,Test-retest reliability of five frequently used executive tasks in healthy adults
4585,https://doi.org/10.1080/19359705.2018.1427646,JOURNAL OF GAY & LESBIAN MENTAL HEALTH,Evidence of changing patterns in mental health and depressive symptoms for sexual minority adolescents
3734,https://doi.org/10.1111/famp.12353,FAMILY PROCESS,Cardiovascular Reactivity During Marital Conflict in Laboratory and Naturalistic Settings: Differential Associations with Relationship and Individual Functioning Across Contexts
7066,https://doi.org/10.1037/fam0000382,JOURNAL OF FAMILY PSYCHOLOGY,Psychometric Evaluation of a Measure of Intimate Partner Communication During Deployment
6100,https://doi.org/10.1007/s10865-017-9901-8,JOURNAL OF BEHAVIORAL MEDICINE,The effect of Mindfulness-Based Stress Reduction on wound healing: a preliminary study
3071,https://doi.org/10.1002/capr.12191,COUNSELLING & PSYCHOTHERAPY RESEARCH,Therapeutic change in young people-A qualitative investigation of client and therapist perspectives
1954,https://doi.org/10.1007/s12671-017-0801-3,MINDFULNESS,The Effect of Mindfulness on Relationship Satisfaction via Perceived Responsiveness: Findings from a Dyadic Study of Heterosexual Romantic Partners
4249,https://doi.org/10.1177/1073191116659739,ASSESSMENT,The Mobility Inventory for Agoraphobia Avoidance Alone Scale: Factor Structure and Psychometric Properties of Subscales
7105,https://doi.org/10.1111/jmft.12258,JOURNAL OF MARITAL AND FAMILY THERAPY,"Commitment, Forgiveness, and Relationship Self-Regulation: An Actor Partner Interdependence Model of Relationship Virtues and Relationship Effort in Couple Relationships"
6030,https://doi.org/10.1037/vio0000169,PSYCHOLOGY OF VIOLENCE,Differences in the Type and Sequence Order of Self-Defense Behaviors During a High-Risk Victimization Scenario: Impact of Prior Sexual Victimization
49,https://doi.org/10.1080/21642850.2018.1491797,HEALTH PSYCHOLOGY AND BEHAVIORAL MEDICINE,The impact of an emotionally expressive writing intervention on eating pathology in female students
156,https://doi.org/10.1177/2055102918804664,HEALTH PSYCHOLOGY OPEN,Socioeconomic status differences in food consumption following a laboratory-induced stressor
2218,https://doi.org/10.1016/j.jsat.2017.12.011,JOURNAL OF SUBSTANCE ABUSE TREATMENT,Identification of heavy drinking in the 10-item AUDIT: Results from a prospective study among 18-21 years old non-dependent German males
4388,https://doi.org/10.1037/ccp0000325,JOURNAL OF CONSULTING AND CLINICAL PSYCHOLOGY,Relation of Self-Weighing to Future Weight Gain and Onset of Disordered Eating Symptoms
4244,https://doi.org/10.1177/1073191116669784,ASSESSMENT,How Small Is Big: Sample Size and Skewness
2767,https://doi.org/10.1007/s10865-018-9931-x,JOURNAL OF BEHAVIORAL MEDICINE,Psychosocial and demographic predictors of postpartum physical activity
5959,https://doi.org/10.1177/2167702617739973,CLINICAL PSYCHOLOGICAL SCIENCE,Sex Differences in the Cortisol Response to the Trier Social Stress Test in Depressed and Nondepressed Adolescents
3185,https://doi.org/10.5127/jep.062117,JOURNAL OF EXPERIMENTAL PSYCHOPATHOLOGY,An experimental manipulation of negative metacognitive beliefs in non-clinical paranoia: Effects on intrusions and state anxiety
7195,https://doi.org/10.1037/hea0000572,HEALTH PSYCHOLOGY,"Interaction Between Self-Regulation, Intentions and Implicit Attitudes in the Prediction of Physical Activity Among Persons With Obesity"
2654,https://doi.org/10.1017/S104161021800011X,INTERNATIONAL PSYCHOGERIATRICS,Use of FDA approved medications for Alzheimer's disease in mild dementia is associated with reduced informal costs of care
2693,https://doi.org/10.1002/bin.1639,BEHAVIORAL INTERVENTIONS,Comparing two variations of the high-probability instructional sequence to improve food consumption with a child with autism
8084,https://doi.org/10.1016/j.ijchp.2017.09.002,INTERNATIONAL JOURNAL OF CLINICAL AND HEALTH PSYCHOLOGY,"The link between stress, well-being, and psychological flexibility during an Acceptance and Commitment Therapy self-help intervention"
3698,https://doi.org/10.1007/s10802-017-0375-5,JOURNAL OF ABNORMAL CHILD PSYCHOLOGY,Altered White-Matter Microstructure in Conduct Disorder Is Specifically Associated with Elevated Callous-Unemotional Traits
5003,https://doi.org/10.1007/s10484-018-9389-1,APPLIED PSYCHOPHYSIOLOGY AND BIOFEEDBACK,Resting Heart Rate Variability and the Effects of Biofeedback Intervention in Women with Low-Risk Pregnancy and Prenatal Childbirth Fear
4828,https://doi.org/10.1016/j.jsat.2018.05.002,JOURNAL OF SUBSTANCE ABUSE TREATMENT,Substance use outcomes for mindfulness based relapse prevention are partially mediated by reductions in stress: Results from a randomized trial
3945,https://doi.org/10.1037/hea0000595,HEALTH PSYCHOLOGY,Predictors of Response to Brief CBT in Patients With Cardiopulmonary Conditions
1939,https://doi.org/10.4088/JCP.16m11371,JOURNAL OF CLINICAL PSYCHIATRY,Executive Function Predicts Antidepressant Treatment Noncompletion in Late-Life Depression
5412,https://doi.org/10.1016/j.ijchp.2017.11.003,INTERNATIONAL JOURNAL OF CLINICAL AND HEALTH PSYCHOLOGY,Predictive validity of the Sidorkiewicz instrument in Spanish: Assessing individual drug adherence in psychiatric patients
7594,https://doi.org/10.1037/hea0000566,HEALTH PSYCHOLOGY,"A Life-Stress, Emotional Awareness, and Expression Interview for Primary Care Patients With Medically Unexplained Symptoms: A Randomized Controlled Trial"
2486,https://doi.org/10.1017/S1041610218000741,INTERNATIONAL PSYCHOGERIATRICS,"How couples with dementia experience healthcare, lifestyle, and everyday decision-making"
5947,https://doi.org/10.1080/10538712.2018.1443303,JOURNAL OF CHILD SEXUAL ABUSE,Examining the Effects of a Service-Trained Facility Dog on Stress in Children Undergoing Forensic Interview for Allegations of Child Sexual Abuse
4721,https://doi.org/10.1017/bec.2018.12,BEHAVIOUR CHANGE,Testing for Depressive Realism in a Clinically Depressed Sample
542,https://doi.org/10.1177/0002764218810740,AMERICAN BEHAVIORAL SCIENTIST,Asian Americans: Eurogamy by Asian Women
6843,https://doi.org/10.1080/10503307.2016.1189619,PSYCHOTHERAPY RESEARCH,This is what I need a clinical feedback system to do for me: A qualitative inquiry into therapists' and patients' perspectives
7110,https://doi.org/10.1016/j.eatbeh.2018.02.007,EATING BEHAVIORS,Similarities and differences between families who have frequent and infrequent family meals: A qualitative investigation of low-income and minority households
3631,https://doi.org/10.1016/j.jbtep.2018.06.003,JOURNAL OF BEHAVIOR THERAPY AND EXPERIMENTAL PSYCHIATRY,Differential roles of resistance to proactive interference and suppression of prepotent responses in overgeneral memory
5225,https://doi.org/10.1037/pha0000189,EXPERIMENTAL AND CLINICAL PSYCHOPHARMACOLOGY,Is Shame a Proximal Trigger for Drinking? A Daily Process Study With a Community Sample
5322,https://doi.org/10.1080/00224499.2017.1372352,JOURNAL OF SEX RESEARCH,"Out of ""Objectification Limelight""? The Contribution of Body Appreciation to Sexual Adjustment in Midlife Women"
7538,https://doi.org/10.1016/j.addbeh.2018.01.029,ADDICTIVE BEHAVIORS,Alcohol expectancies pre-and post-alcohol use disorder treatment: Clinical implications
1975,https://doi.org/10.1002/da.22731,DEPRESSION AND ANXIETY,"In rape trauma PTSD, patient characteristics indicate which trauma-focused treatment they are most likely to complete"
6535,https://doi.org/10.1177/1073191117706020,ASSESSMENT,Incremental Validity of Self- and Informant Report of Personality Disorders in Later Life
4494,https://doi.org/10.1177/2167702618755321,CLINICAL PSYCHOLOGICAL SCIENCE,Does Getting Stigma Under the Skin Make It Thinner? Emotion Regulation as a Stress-Contingent Mediator of Stigma and Mental Health
6412,https://doi.org/10.1177/0002764218756924,AMERICAN BEHAVIORAL SCIENTIST,Paradoxes of Polarization: Democracy's Inherent Division and the (Anti-) Populist Challenge
5642,https://doi.org/10.1177/0002764218768862,AMERICAN BEHAVIORAL SCIENTIST,"Exploring the Social and Solidarity Economy Sector in Greece, Spain, and Switzerland in Times of Crisis"
7289,https://doi.org/10.1002/da.22723,DEPRESSION AND ANXIETY,Posttraumatic stress disorder (PTSD) and complex PTSD (CPTSD) as per ICD-11 proposals: A population study in Israel
1625,https://doi.org/10.1017/S0033291717002963,PSYCHOLOGICAL MEDICINE,Association of preterm birth with ADHD-like cognitive impairments and additional subtle impairments in attention and arousal malleability
3359,https://doi.org/10.4081/hpr.2018.7466,HEALTH PSYCHOLOGY RESEARCH,A cross-sectional study for the impact of coping strategies on mental health disorders among psychiatric nurses
4955,https://doi.org/10.1080/00207411.2017.1377804,INTERNATIONAL JOURNAL OF MENTAL HEALTH,Analysis of quantitative and qualitative measures of attachment in patients with fibromyalgia: The influence on nursing care
1488,https://doi.org/10.1037/pas0000618,PSYCHOLOGICAL ASSESSMENT,Test-Retest Reliability and Practice Effects of a Computerized Neuropsychological Battery: A Solution-Oriented Approach
868,https://doi.org/10.1007/s10608-018-9943-4,COGNITIVE THERAPY AND RESEARCH,The Role of Anxiety Sensitivity in the Relationship Between Emotion Dysregulation and Internalizing Psychopathology Among Trauma-Exposed Inpatient Adolescents
7078,https://doi.org/10.1037/fam0000360,JOURNAL OF FAMILY PSYCHOLOGY,Early Cumulative Risk Predicts Externalizing Behavior at Age 10: The Mediating Role of Adverse Parenting
981,https://doi.org/10.1080/15332691.2017.1372836,JOURNAL OF COUPLE & RELATIONSHIP THERAPY-INNOVATIONS IN CLINICAL AND EDUCATIONAL INTERVENTIONS,Individual Personality and Emotional Readiness Characteristics Associated with Marriage Preparation Outcomes of Perceived Helpfulness and Change
5524,https://doi.org/10.1002/jclp.22560,JOURNAL OF CLINICAL PSYCHOLOGY,National norms for the expanded version of the inventory of depression and anxiety symptoms (IDAS-II)
8186,https://doi.org/10.1007/s10508-016-0932-y,ARCHIVES OF SEXUAL BEHAVIOR,"Comparing Self-Reported Demographic and Sexual Behavioral Factors Among Men Who Have Sex with Men Recruited Through Mechanical Turk, Qualtrics, and a HIV/STI Clinic-Based Sample: Implications for Researchers and Providers"
5345,https://doi.org/10.1177/1073191116656796,ASSESSMENT,Rates of Abnormally Low TOPF Word Reading Scores in Individuals Failing Versus Passing Performance Validity Testing
605,https://doi.org/10.1016/j.aip.2017.12.007,ARTS IN PSYCHOTHERAPY,Psychodrama in therapeutic communities for drug addiction: A study of four cases investigated using idiographic change process analysis
1828,https://doi.org/10.1007/s10865-018-9929-4,JOURNAL OF BEHAVIORAL MEDICINE,Parents have both implicit and explicit biases against children with obesity
3936,https://doi.org/10.1037/pas0000566,PSYCHOLOGICAL ASSESSMENT,Method Biases in Single-Source Personality Assessments
7526,https://doi.org/10.1080/10538712.2017.1390715,JOURNAL OF CHILD SEXUAL ABUSE,The Secret of Intrafamilial Child Sexual Abuse: Who Keeps It and How?
4032,https://doi.org/10.1016/j.jcbs.2018.07.007,JOURNAL OF CONTEXTUAL BEHAVIORAL SCIENCE,Validation of the Hungarian version of the Acceptance and Action Questionnaire-II (AAQ-II)
2813,https://doi.org/10.1016/j.beth.2018.02.005,BEHAVIOR THERAPY,Development of a Distance-Based Effect Size Metric for Single-Case Research: Ratio of Distances
4743,https://doi.org/10.1002/da.22774,DEPRESSION AND ANXIETY,Finding factors that predict treatment-resistant depression: Results of a cohort study
5893,https://doi.org/10.1080/00952990.2018.1427103,AMERICAN JOURNAL OF DRUG AND ALCOHOL ABUSE,Gender differences in substance use treatment and substance use among adults on probation
928,https://doi.org/10.1007/s10591-018-9465-y,CONTEMPORARY FAMILY THERAPY,Comparing the Effectiveness of the Treatment of a Monotheistic Fabric and the Treatment of Thematic Relationships on Marital Violence and Couples' Coping Strategies
978,https://doi.org/10.1016/j.janxdis.2018.09.003,JOURNAL OF ANXIETY DISORDERS,"Moving toward a metacognitive conceptualization of cyberchondria: Examining the contribution of metacognitive beliefs, beliefs about rituals, and stop signals"
2983,https://doi.org/NA,AMERICAN INDIAN AND ALASKA NATIVE MENTAL HEALTH RESEARCH,"IN-HOSPITAL MORTALITY, LENGTH OF STAY, AND DISCHARGE DISPOSITION IN A COHORT OF RURAL AND URBAN AMERICAN INDIANS AND ALASKA NATIVES"
5498,https://doi.org/10.1002/cpp.2169,CLINICAL PSYCHOLOGY & PSYCHOTHERAPY,Ambivalence resolution in brief psychotherapy for depression
1078,https://doi.org/10.2989/17280583.2018.1485570,JOURNAL OF CHILD AND ADOLESCENT MENTAL HEALTH,The TEAM model for mental health promotion among school-going adolescents
6531,https://doi.org/10.1007/s10508-017-1009-2,ARCHIVES OF SEXUAL BEHAVIOR,"Internalized Homophobia and Drug Use in a National Cohort of Gay and Bisexual Men: Examining Depression, Sexual Anxiety, and Gay Community Attachment as Mediating Factors"
7380,https://doi.org/10.1080/09638237.2017.1340601,JOURNAL OF MENTAL HEALTH,The replacement of assertive outreach services by reinforcing local community teams: a replication study reporting comparative outcomes and patient reported experience
6891,https://doi.org/10.1080/00224499.2017.1415291,JOURNAL OF SEX RESEARCH,Family Functioning and Mental Health of Transgender and Gender-Nonconforming Youth in the Trans Teen and Family Narratives Project
3337,https://doi.org/10.1016/j.aip.2018.07.001,ARTS IN PSYCHOTHERAPY,"Cinema, aesthetics and narrative: Cinema as therapy in substance use disorders"
3783,https://doi.org/10.1007/s10865-018-9926-7,JOURNAL OF BEHAVIORAL MEDICINE,Project SHINE: effects of a randomized family-based health promotion program on the physical activity of African American parents
4060,https://doi.org/10.1016/j.janxdis.2018.07.001,JOURNAL OF ANXIETY DISORDERS,Children with social anxiety disorder show blunted pupillary reactivity and altered eye contact processing in response to emotional faces: Insights from pupillometry and eye movements
3731,https://doi.org/10.1002/da.22740,DEPRESSION AND ANXIETY,Evaluating dimensional models of psychopathology in outpatients diagnosed with emotional disorders: A cautionary tale
335,https://doi.org/10.1016/j.invent.2018.06.004,INTERNET INTERVENTIONS-THE APPLICATION OF INFORMATION TECHNOLOGY IN MENTAL AND BEHAVIOURAL HEALTH,Evaluation of a brief unguided psychological online intervention for depression: A controlled trial including exploratory moderator analyses
6275,https://doi.org/10.1177/1550059417708914,CLINICAL EEG AND NEUROSCIENCE,Prepulse Inhibition of the Auditory Off-Response: A Magnetoencephalographic Study
5181,https://doi.org/10.1080/87568225.2017.1388754,JOURNAL OF COLLEGE STUDENT PSYCHOTHERAPY,Improving Coping Self-Efficacy Among Distressed Students After Exposure to University Mass Violence: A Pilot Online Intervention
5140,https://doi.org/10.1037/neu0000442,NEUROPSYCHOLOGY,External Modulation of the Sustained Attention Network in Traumatic Brain Injury
4778,https://doi.org/10.1016/j.janxdis.2018.05.002,JOURNAL OF ANXIETY DISORDERS,Social interaction anxiety and personality traits predicting engagement in health risk sexual behaviors
7522,https://doi.org/10.1080/10538712.2017.1390716,JOURNAL OF CHILD SEXUAL ABUSE,Speaking With and Without WordsAn Analysis of Foster Children's Expressions and Behaviors That Are Suggestive of Prior Sexual Abuse
4625,https://doi.org/10.1111/jmft.12266,JOURNAL OF MARITAL AND FAMILY THERAPY,"THE ROLE OF PARENTAL POSTTRAUMATIC STRESS, MARITAL ADJUSTMENT, AND DYADIC SELF-DISCLOSURE IN INTERGENERATIONAL TRANSMISSION OF TRAUMA: A FAMILY SYSTEM APPROACH"
7342,https://doi.org/10.1111/cp.12103,CLINICAL PSYCHOLOGIST,Suicidal women may risk their lives but not their social relationships
6417,https://doi.org/10.1177/0002764218756916,AMERICAN BEHAVIORAL SCIENTIST,"Covering Mass Murder: An Experimental Examination of the Effect of News FocusKiller, Victim, or Heroon Reader Interest"
94,https://doi.org/10.1176/appi.psychotherapy.20180031,AMERICAN JOURNAL OF PSYCHOTHERAPY,Metacognitive Reflection and Insight Therapy (MERIT) for Persons With a Schizophrenia Spectrum Disorder and Interpersonal Trauma
6323,https://doi.org/10.1007/s10508-017-1014-5,ARCHIVES OF SEXUAL BEHAVIOR,"The Complexity of Family Reactions to Identity among Homeless and College Lesbian, Gay, Bisexual, Transgender, and Queer Young Adults"
2352,https://doi.org/10.1016/j.jsat.2017.02.011,JOURNAL OF SUBSTANCE ABUSE TREATMENT,The Los Angeles County hub-and-provider network for promoting the sustained use of extended-release naltrexone (XR-NTX) in Los Angeles County (2010-2015)
5050,https://doi.org/10.1080/20008198.2018.1478583,EUROPEAN JOURNAL OF PSYCHOTRAUMATOLOGY,The Parent Trauma Response Questionnaire (PTRQ): development and preliminary validation
5956,https://doi.org/10.1177/2167702617745640,CLINICAL PSYCHOLOGICAL SCIENCE,Longitudinal Network Stability of the Functional Impairment of Anxiety and Depression
5486,https://doi.org/10.1177/0002764218764253,AMERICAN BEHAVIORAL SCIENTIST,Democratic Digital Inequalities: Threat and Opportunity in Online Citizenship From Motivation and Ability
3188,https://doi.org/10.5127/pr.035714,JOURNAL OF EXPERIMENTAL PSYCHOPATHOLOGY,Embodied cognition and emotional disorders: Embodiment and abstraction in understanding depression
6252,https://doi.org/10.1177/0093854818760643,CRIMINAL JUSTICE AND BEHAVIOR,"Psychopathology of Stalking Offenders: Examining the Clinical, Demographic, and Stalking Characteristics of a Community-Based Sample"
601,https://doi.org/10.1002/jts.22345,JOURNAL OF TRAUMATIC STRESS,Posttraumatic Stress Disorder and Cancer Risk: A Nested Case-Control Study
3614,https://doi.org/10.1037/neu0000449,NEUROPSYCHOLOGY,Differential Effects of Cognition-Focused Interventions for People With Alzheimer's Disease: A Meta-Analysis
2151,https://doi.org/10.1016/j.bodyim.2018.02.006,BODY IMAGE,Psychometric evaluation and sex invariance of the Spanish version of the Body and Appearance Self-Conscious Emotions Scale
1282,https://doi.org/10.1007/s10608-018-9925-6,COGNITIVE THERAPY AND RESEARCH,Posttraumatic Cognitions and Suicidal Ideation Among Veterans Receiving PTSD Treatment
4006,https://doi.org/10.1080/17432979.2018.1475421,BODY MOVEMENT AND DANCE IN PSYCHOTHERAPY,Unconscious seduction: Desire and disability in dance/movement therapy
7561,https://doi.org/NA,COGNITIVE AND BEHAVIORAL PRACTICE,Development and Preliminary Feasibility Study of a Brief Behavioral Activation Mobile Application (Behavioral Apptivation) to Be Used in Conjunction With Ongoing Therapy
4939,https://doi.org/10.4088/JCP.17m11707,JOURNAL OF CLINICAL PSYCHIATRY,Psychometrics of the Self-Report Concise Associated Symptoms Tracking Scale (CAST-SR): Results From the STRIDE (CTN-0037) Study
197,https://doi.org/10.1080/19317611.2018.1491921,INTERNATIONAL JOURNAL OF SEXUAL HEALTH,Are Online Sexual Activities and Sexting Good for Adults' Sexual Well-Being? Results From a National Online Survey
1216,https://doi.org/10.1017/S1355617718000267,JOURNAL OF THE INTERNATIONAL NEUROPSYCHOLOGICAL SOCIETY,Evaluating Proactive Strategy in Patients With OCD During Stop Signal Task
8400,https://doi.org/10.1080/15374416.2017.1417860,JOURNAL OF CLINICAL CHILD AND ADOLESCENT PSYCHOLOGY,"Prevalence of Parent-Reported ADHD Diagnosis and Associated Treatment Among US Children and Adolescents, 2016"
1217,https://doi.org/10.1016/j.bodyim.2018.08.009,BODY IMAGE,"""You look great!"": The effect of viewing appearance-related Instagram comments on women's body image"
5545,https://doi.org/10.1002/eat.22852,INTERNATIONAL JOURNAL OF EATING DISORDERS,Distorted weight perception correlates with disordered eating attitudes in Kuwaiti college women
1073,https://doi.org/10.1016/j.ijchp.2018.07.001,INTERNATIONAL JOURNAL OF CLINICAL AND HEALTH PSYCHOLOGY,Global Collaborative Team Performance for the Revision of the International Classification of Diseases: A Case Study of the World Health Organization Field Studies Coordination Group
6604,https://doi.org/10.1017/S0033291717002513,PSYCHOLOGICAL MEDICINE,Specific amygdala response to masked fearful faces in post-traumatic stress relative to other anxiety disorders
5142,https://doi.org/10.1016/j.brat.2018.04.002,BEHAVIOUR RESEARCH AND THERAPY,The effects of cognitive-behavior therapy for depression on repetitive negative thinking: A meta-analysis
3841,https://doi.org/10.1007/s10608-018-9916-7,COGNITIVE THERAPY AND RESEARCH,Emotion Specific Effects on Attentional Bias Among Women with Shape and Weight Concerns
5497,https://doi.org/10.1002/cpp.2177,CLINICAL PSYCHOLOGY & PSYCHOTHERAPY,Mentalizing countertransference? A model for research on the elaboration of countertransference experience in psychotherapy
8324,https://doi.org/10.1080/0092623X.2017.1405308,JOURNAL OF SEX & MARITAL THERAPY,"Anxiety, Dispositional Mindfulness, and Sexual Desire in Men Consulting in Clinical Sexology: A Mediational Model"
2101,https://doi.org/10.1037/pas0000551,PSYCHOLOGICAL ASSESSMENT,"Personality and Mental Health Treatment: Traits as Predictors of Presentation, Usage, and Outcome"
1083,https://doi.org/10.1037/hea0000659,HEALTH PSYCHOLOGY,"Self-Perceived Overweight, Weight Loss Attempts, and Weight Gain: Evidence From Two Large, Longitudinal Cohorts"
6981,https://doi.org/10.1037/tra0000261,PSYCHOLOGICAL TRAUMA-THEORY RESEARCH PRACTICE AND POLICY,"Relationships Among Traumatic Experiences, PTSD, and Posttraumatic Growth for Police Officers: A Path Analysis"
2750,https://doi.org/10.1037/rep0000243,REHABILITATION PSYCHOLOGY,Functional Independence After Acquired Brain Injury: Prospective Effects of Health Self-Efficacy and Cognitive Impairment
6231,https://doi.org/10.1007/s10896-018-9954-7,JOURNAL OF FAMILY VIOLENCE,Economic Burden of Child Exposure to Intimate Partner Violence in the United States
228,https://doi.org/10.1080/15532739.2018.1500966,INTERNATIONAL JOURNAL OF TRANSGENDERISM,Family support and discrimination and their relationship to psychological distress and resilience amongst transgender people
2041,https://doi.org/10.1037/tra0000319,PSYCHOLOGICAL TRAUMA-THEORY RESEARCH PRACTICE AND POLICY,Association of Posttraumatic Nightmares and Psychopathology in a Military Sample
1593,https://doi.org/10.1080/0092623X.2017.1405312,JOURNAL OF SEX & MARITAL THERAPY,Clinical Factors Negatively Impacting Sexual Relationships in Men With Peyronie's Disease
1198,https://doi.org/10.1016/j.jcbs.2018.06.008,JOURNAL OF CONTEXTUAL BEHAVIORAL SCIENCE,Development of an ACT prototype for therapeutic skill assessment
4099,https://doi.org/10.1007/s10591-017-9422-1,CONTEMPORARY FAMILY THERAPY,Learning Outcome of a Family Therapy Training Course for Psychiatric Nurses in a Chinese Context
8503,https://doi.org/10.1016/j.addbeh.2017.09.015,ADDICTIVE BEHAVIORS,Smoking and drinking behaviors of military spouses: Findings from the Millennium Cohort Family Study
6282,https://doi.org/10.1177/1359105316651709,JOURNAL OF HEALTH PSYCHOLOGY,Citizenship in a time of HIV: Understanding medical adult male circumcision in South Africa
4577,https://doi.org/10.1177/1359105316643378,JOURNAL OF HEALTH PSYCHOLOGY,"Gender nonconformity and mental health among lesbian, gay, and bisexual adults: Homophobic stigmatization and internalized homophobia as mediators"
7013,https://doi.org/10.1080/20008198.2018.1443672,EUROPEAN JOURNAL OF PSYCHOTRAUMATOLOGY,Pre-deployment dissociation and personality as risk factors for post-deployment post-traumatic stress disorder in Danish soldiers deployed to Afghanistan
6086,https://doi.org/10.1093/arclin/acx129,ARCHIVES OF CLINICAL NEUROPSYCHOLOGY,The Integrated Care Team Approach of the Department of Veterans Affairs (VA): Geriatric Primary Care
1774,https://doi.org/10.1007/s10508-018-1147-1,ARCHIVES OF SEXUAL BEHAVIOR,Casual Sexual Scripts on the Screen: A Quantitative Content Analysis
1499,https://doi.org/10.1080/15532739.2018.1450798,INTERNATIONAL JOURNAL OF TRANSGENDERISM,"Supporting families of transgender children/youth: Parents speak on their experiences, identity, and views"
2953,https://doi.org/10.1016/j.jsat.2018.08.011,JOURNAL OF SUBSTANCE ABUSE TREATMENT,Buprenorphine treatment formulations: Preferences among persons in opioid withdrawal management
3159,https://doi.org/10.1080/16506073.2018.1466909,COGNITIVE BEHAVIOUR THERAPY,Brief report: sudden gains in cognitive-behavioral group therapy and group psychotherapy for social anxiety disorder among college students
2544,https://doi.org/10.1037/pst0000175,PSYCHOTHERAPY,Therapist Empathy and Client Outcome: An Updated Meta-Analysis
2266,https://doi.org/10.1002/hup.2645,HUMAN PSYCHOPHARMACOLOGY-CLINICAL AND EXPERIMENTAL,"Short circuit: Disaggregation of adrenocorticotropic hormone and cortisol levels in HIV-positive, methamphetamine-using men who have sex with men"
6476,https://doi.org/10.1037/fam0000353,JOURNAL OF FAMILY PSYCHOLOGY,Coparenting in the Family of Origin and New Parents' Couple Relationship Functioning
110,https://doi.org/10.1080/13554794.2019.1590603,NEUROCASE,Clinical presentation of rapidly progressive familial Danish dementia
1143,https://doi.org/10.1037/fam0000451,JOURNAL OF FAMILY PSYCHOLOGY,Family Support: A Possible Buffer Against Disruptive Events for Individuals With and Without Remitted Depression
619,https://doi.org/10.2989/17280583.2018.1533838,JOURNAL OF CHILD AND ADOLESCENT MENTAL HEALTH,Students' self-reported fears and the perceived origins thereof
27,https://doi.org/10.1080/10720162.2019.1565848,SEXUAL ADDICTION & COMPULSIVITY-THE JOURNAL OF TREATMENT AND PREVENTION,"Self-identification as a pornography addict: examining the roles of pornography use, religiousness, and moral incongruence"
1134,https://doi.org/10.1002/eat.22899,INTERNATIONAL JOURNAL OF EATING DISORDERS,A path to defining excellence in intensive treatment for eating disorders
1753,https://doi.org/10.1080/02791072.2017.1368747,JOURNAL OF PSYCHOACTIVE DRUGS,Nonmedical Opioid Use in Relation to Recency of Heroin Use in a Nationally Representative Sample of Adults in the United States
7068,https://doi.org/10.1037/pas0000484,PSYCHOLOGICAL ASSESSMENT,Measuring Working Memory in the Spanish Population: Validation of a Multiple Shortened Complex Span Task
4623,https://doi.org/10.1111/1467-6427.12184,JOURNAL OF FAMILY THERAPY,Taking conversations forward: a systemic exercise for teams threatened by service restructures
4363,https://doi.org/10.1007/s12671-017-0853-4,MINDFULNESS,The Association Between Trait Mindfulness and Cardiovascular Reactivity During Marital Conflict
5485,https://doi.org/10.1017/S1754470X18000028,COGNITIVE BEHAVIOUR THERAPIST,Imagery rescripting of traumatic memories for panic disorder: an exploratory study
3658,https://doi.org/10.1080/00207144.2018.1494432,INTERNATIONAL JOURNAL OF CLINICAL AND EXPERIMENTAL HYPNOSIS,Systematic Review of the Effectiveness of Hypnosis for the Management of Headache
2541,https://doi.org/10.1016/j.jsat.2018.09.005,JOURNAL OF SUBSTANCE ABUSE TREATMENT,Effectiveness of Integrated Dual Diagnosis Treatment (IDDT) in severe mental illness outpatients with a co-occurring substance use disorder
5967,https://doi.org/10.1177/0002764218760370,AMERICAN BEHAVIORAL SCIENTIST,"You're (Not) Welcome: The Impact of Symbolic Boundaries, Intergroup Contact, and Experiences With Discrimination on Immigration Attitudes"
3409,https://doi.org/10.1037/fam0000453,JOURNAL OF FAMILY PSYCHOLOGY,Does Support Need to Be Seen? Daily Invisible Support Promotes Next Day Relationship Well-Being
2148,https://doi.org/10.1016/j.addbeh.2018.02.027,ADDICTIVE BEHAVIORS,Alcohol use and alcohol/marijuana use during the most recent sexual experience differentially predict characteristics of the sexual experience among sexually active young adult drinkers
1734,https://doi.org/10.1016/j.addbeh.2017.11.038,ADDICTIVE BEHAVIORS,"Obtaining continuous BrAC/BAC estimates in the field: A hybrid system integrating transdermal alcohol biosensor, <i>Intellidrink</i> smartphone app, and <i>BrAC Estimator</i> software tools"
3530,https://doi.org/10.1080/10926771.2017.1370053,JOURNAL OF AGGRESSION MALTREATMENT & TRAUMA,The Role of Functions of Aggression in Associations Between Behavioral Inhibition and Activation and Mental Health Outcomes
1020,https://doi.org/10.1177/1550059417747436,CLINICAL EEG AND NEUROSCIENCE,NREM Sleep and Antiepileptic Medications Modulate Epileptiform Activity by Altering Cortical Synchrony
1236,https://doi.org/10.1002/da.22818,DEPRESSION AND ANXIETY,Maternal depression alters stress and immune biomarkers in mother and child
1535,https://doi.org/10.1037/fam0000427,JOURNAL OF FAMILY PSYCHOLOGY,A 7-Year Longitudinal Study of Sexual Minority Young Men's Parental Relationships and Mental Health
1616,https://doi.org/NA,AMERICAN INDIAN AND ALASKA NATIVE MENTAL HEALTH RESEARCH,PHYSICAL ACTIVITY AMONG NAVAJO CANCER SURVIVORS: A QUALITATIVE STUDY
6672,https://doi.org/10.1037/neu0000402,NEUROPSYCHOLOGY,Tool Use in Left-Brain-Damaged Patients: Difficulties in Reasoning but Not in Estimating the Physical Properties of Objects
5875,https://doi.org/10.1017/S0033291717002719,PSYCHOLOGICAL MEDICINE,Trait and facet-level predictors of first-onset depressive and anxiety disorders in a community sample of adolescent girls
6968,https://doi.org/10.1007/s10880-017-9524-9,JOURNAL OF CLINICAL PSYCHOLOGY IN MEDICAL SETTINGS,Differences in Attitudes Toward Immunosuppressant Therapy in a Multi-ethnic Sample of Kidney Transplant Recipients
4839,https://doi.org/10.1002/bin.1521,BEHAVIORAL INTERVENTIONS,An examination of behavioral treatment wording on acceptability and understanding
8392,https://doi.org/10.1080/00223891.2017.1306781,JOURNAL OF PERSONALITY ASSESSMENT,The Centrality of the Response Process in Construct Validity: An Illustration via the Rorschach Space Response
925,https://doi.org/10.1007/s41811-018-0027-8,INTERNATIONAL JOURNAL OF COGNITIVE THERAPY,Cognitive Therapy or Behavioral Activation for Major Depressive Disorder in Dutch Mental Health Care: Pilot Effectiveness and Process Trial
5806,https://doi.org/10.1016/j.bodyim.2018.02.009,BODY IMAGE,A randomised-controlled trial investigating potential underlying mechanisms of a functionality-based approach to improving women's body image
4254,https://doi.org/10.1016/j.jsat.2018.06.013,JOURNAL OF SUBSTANCE ABUSE TREATMENT,"Recurrent use of inpatient withdrawal management services: Characteristics, service use, and cost among Medicaid clients"
7085,https://doi.org/10.1037/fam0000333,JOURNAL OF FAMILY PSYCHOLOGY,Communication and Connection During Deployment: A Daily-Diary Study From the Perspective of At-Home Partners
1251,https://doi.org/10.1002/eat.22930,INTERNATIONAL JOURNAL OF EATING DISORDERS,A feasibility study of a 2-week self-compassionate letter-writing intervention for nontreatment seeking individuals with typical and atypical anorexia nervosa
6698,https://doi.org/10.1002/bin.1520,BEHAVIORAL INTERVENTIONS,Further evaluation of latency measures in the assessment and treatment of severe self-injurious behavior
4194,https://doi.org/10.1080/17437199.2018.1437551,HEALTH PSYCHOLOGY REVIEW,Harnessing centred identity transformation to reduce executive function burden for maintenance of health behaviour change: the Maintain IT model
7591,https://doi.org/NA,BEHAVIOR THERAPY,"Honoring the Past, Envisioning the Future: ABCT's 50th Anniversary Presidential Address"
4916,https://doi.org/10.1002/jts.22291,JOURNAL OF TRAUMATIC STRESS,"Adults with Comorbid Posttraumatic Stress Disorder, Alcohol Use Disorder, and Opioid Use Disorder: The Effectiveness of Modified Prolonged Exposure"
5333,https://doi.org/10.1037/pst0000141,PSYCHOTHERAPY,Do Clinicians Really Use Feedback-Monitoring Systems? A Qualitative Analysis of 16 Group Leaders
1333,https://doi.org/10.1007/s11089-018-0817-1,PASTORAL PSYCHOLOGY,"Integrating Divine Attachment Theory and the Enneagram to Help Clients of Abuse Heal in Their Images of Self, Others, and God"
6827,https://doi.org/10.1080/0092623X.2017.1321596,JOURNAL OF SEX & MARITAL THERAPY,Male-Centric and Female-Centric Pornography Consumption: Relationship With Sex Life and Attitudes in Young Adults
8126,https://doi.org/10.1037/tra0000304,PSYCHOLOGICAL TRAUMA-THEORY RESEARCH PRACTICE AND POLICY,"Self-Affirmation Attenuates Death-Thought Accessibility After Mortality Salience, But Not Among A High Post-Traumatic Stress Sample"
826,https://doi.org/10.1007/s40617-018-0247-7,BEHAVIOR ANALYSIS IN PRACTICE,Incorporating Interview-Informed Functional Analyses into Practice
6569,https://doi.org/NA,BEHAVIOR THERAPY,Visual Attention to Pictorial Food Stimuli in Individuals With Night Eating Syndrome: An Eye-Tracking Study
4076,https://doi.org/10.1016/j.addbeh.2018.03.029,ADDICTIVE BEHAVIORS,Diffusion of medication drop-boxes in North Carolina from 2007 to 2016
1468,https://doi.org/10.1037/per0000269,PERSONALITY DISORDERS-THEORY RESEARCH AND TREATMENT,"Maternal Psychological Control, Maternal Borderline Personality Disorder, and Adolescent Borderline Features"
5586,https://doi.org/10.1007/s11089-018-0815-3,PASTORAL PSYCHOLOGY,Biblical Inerrancy and Depressive Symptoms
4847,https://doi.org/10.1002/bin.1518,BEHAVIORAL INTERVENTIONS,Further evaluation of observational and mechanical measures of physical activity
1057,https://doi.org/10.1016/j.janxdis.2018.09.001,JOURNAL OF ANXIETY DISORDERS,A cognitive processing therapy-based treatment program for veterans diagnosed with co-occurring posttraumatic stress disorder and substance use disorder: The relationship between trauma-related cognitions and outcomes of a 6-week treatment program
3979,https://doi.org/NA,BEHAVIOR THERAPY,"Computer-Guided Problem-Solving Treatment for Depression, PTSD, and Insomnia Symptoms in Student Veterans: A Pilot Randomized Controlled Trial"
5805,https://doi.org/10.1080/15504263.2017.1404665,JOURNAL OF DUAL DIAGNOSIS,Relationship of PTSD With impulsivity Dimensions While Controlling the Effect of Anxiety and Depression in a Sample of Inpatients With Alcohol Use Disorder
2446,https://doi.org/10.1080/15374416.2017.1326122,JOURNAL OF CLINICAL CHILD AND ADOLESCENT PSYCHOLOGY,"Socioeconomic Status, Amygdala Volume, and Internalizing Symptoms in Children and Adolescents"
2022,https://doi.org/10.1080/13854046.2018.1454511,CLINICAL NEUROPSYCHOLOGIST,Validation study of the Alzheimer's disease assessment scale-cognitive subscale (ADAS-Cog) for the Portuguese patients with mild cognitive impairment and Alzheimer's disease
5421,https://doi.org/10.1007/s10608-018-9899-4,COGNITIVE THERAPY AND RESEARCH,Facets of Emotion Regulation and Posttraumatic Stress: An Indirect Effect via Peritraumatic Dissociation
6270,https://doi.org/10.1080/00223891.2017.1324457,JOURNAL OF PERSONALITY ASSESSMENT,Assessing Dimensions of Pathological Narcissism: Psychometric Properties of the Short Form of the Five-Factor Narcissism Inventory in a Sample of Italian University Students
1581,https://doi.org/10.1017/S1352465818000383,BEHAVIOURAL AND COGNITIVE PSYCHOTHERAPY,Group-Based Worry Intervention for Persecutory Delusions: an Initial Feasibility Study
3216,https://doi.org/10.1037/pap0000197,PSYCHOANALYTIC PSYCHOLOGY,The Fantasy Relationship: Repetition's Antidote and an Explanation for Resilience
8179,https://doi.org/10.1007/s10896-017-9933-4,JOURNAL OF FAMILY VIOLENCE,The Importance of the Caregiver and Adolescent Relationship for Mental Health Outcomes Among Youth in Foster Care
5369,https://doi.org/10.1080/10926771.2017.1389792,JOURNAL OF AGGRESSION MALTREATMENT & TRAUMA,Gaining Control Over Traumatic Experiences: The Role of Guilt in Posttraumatic Stress Disorder
4861,https://doi.org/10.30552/ejihpe.v8i1.222,EUROPEAN JOURNAL OF INVESTIGATION IN HEALTH PSYCHOLOGY AND EDUCATION,Why students of Secondary Education complete more homework?
8173,https://doi.org/10.1177/0093854817734007,CRIMINAL JUSTICE AND BEHAVIOR,"Criminal Thinking, Psychiatric Symptoms, and Recovery Attitudes Among Community Mental Health Patients: An Examination of Program Placement"
3174,https://doi.org/10.1080/02791072.2018.1511879,JOURNAL OF PSYCHOACTIVE DRUGS,Severity of Kratom (<i>Mitragyna speciosa</i> Korth.) Psychological Withdrawal Symptoms
7112,https://doi.org/10.1002/jclp.22537,JOURNAL OF CLINICAL PSYCHOLOGY,The global therapist competence scale for youth psychosocial treatment: Development and initial validation
8058,https://doi.org/10.1007/s10802-017-0279-4,JOURNAL OF ABNORMAL CHILD PSYCHOLOGY,Chronic Stressors and Adolescents' Externalizing Problems: Genetic Moderation by Dopamine Receptor D4. The TRAILS Study
6053,https://doi.org/10.1016/j.addbeh.2018.02.028,ADDICTIVE BEHAVIORS,"Predicting pornography use over time: Does self-reported ""addiction"" matter?"
3031,https://doi.org/10.1080/02791072.2018.1447172,JOURNAL OF PSYCHOACTIVE DRUGS,"""Marvin, the Paranoid Android"": The Case of an Alpha-PVP User in the Expanding Galaxy of NPS"
2281,https://doi.org/10.1007/s12671-017-0752-8,MINDFULNESS,Impact of a Blended Web-Based Mindfulness Programme for General Practitioners: a Pilot Study
1018,https://doi.org/10.1016/j.janxdis.2018.08.008,JOURNAL OF ANXIETY DISORDERS,Predictors of long-term outcome of CBT for youth with anxiety disorders treated in community clinics
331,https://doi.org/10.1016/j.invent.2018.07.003,INTERNET INTERVENTIONS-THE APPLICATION OF INFORMATION TECHNOLOGY IN MENTAL AND BEHAVIOURAL HEALTH,The acceptability of an online intervention using positive psychology for depression: A qualitative study
1185,https://doi.org/10.1002/cpp.2321,CLINICAL PSYCHOLOGY & PSYCHOTHERAPY,"Do clinical experience, formal cognitive behavioural therapy training, adherence, and competence predict outcome in cognitive behavioural therapy for anxiety disorders in youth?"
3140,https://doi.org/10.1002/jaba.494,JOURNAL OF APPLIED BEHAVIOR ANALYSIS,TEACHING CHILDREN WITH AUTISM TO IDENTIFY AND RESPOND APPROPRIATELY TO THE PREFERENCES OF OTHERS DURING PLAY
4924,https://doi.org/10.1002/erv.2595,EUROPEAN EATING DISORDERS REVIEW,Decision-making impairment in anorexia nervosa: New insights into the role of age and decision-making style
4711,https://doi.org/10.1080/21507686.2017.1412329,ASIA PACIFIC JOURNAL OF COUNSELLING AND PSYCHOTHERAPY,"Effectiveness of rational emotive behaviour therapy in the reduction of examination Anxiety among secondary school students in Edo State, Nigeria"
3036,https://doi.org/10.1007/s10591-018-9466-x,CONTEMPORARY FAMILY THERAPY,The Impact of Chronic Health Conditions as an Underlying Challenge on Couple's Wellbeing
3156,https://doi.org/10.1002/cpp.2299,CLINICAL PSYCHOLOGY & PSYCHOTHERAPY,Brief coping strategy enhancement for distressing voices: Predictors of engagement and outcome in routine clinical practice
3767,https://doi.org/10.1186/s40337-018-0207-1,JOURNAL OF EATING DISORDERS,Role of gender in the treatment experiences of people with an eating disorder: a metasynthesis
8200,https://doi.org/10.1007/s10508-016-0734-2,ARCHIVES OF SEXUAL BEHAVIOR,Racial Pride and Condom Use in Post-Incarcerated African-American Men Who Have Sex With Men and Women: Test of a Conceptual Model for the <i>Men in Life Environments Intervention</i>
8067,https://doi.org/10.1177/1359105317743768,JOURNAL OF HEALTH PSYCHOLOGY,Towards a critical epidemiology approach for applied sexual health research
4201,https://doi.org/10.1017/S0033291717003506,PSYCHOLOGICAL MEDICINE,Amygdala reactivity in ethnic minorities and its relationship to the social environment: an fMRI study
4272,https://doi.org/10.1037/ser0000174,PSYCHOLOGICAL SERVICES,Family-Focused Interventions and Resources for Veterans and Their Families
7755,https://doi.org/10.1093/arclin/acx044,ARCHIVES OF CLINICAL NEUROPSYCHOLOGY,Saccadic Eye Movements and Attentional Control in Alzheimer's Disease
6674,https://doi.org/10.1037/neu0000416,NEUROPSYCHOLOGY,Neurocognitive and Behavioral Predictors of Social Problems in ADHD: A Bayesian Framework
5432,https://doi.org/10.1037/fam0000392,JOURNAL OF FAMILY PSYCHOLOGY,Sex Through a Sacred Lens: Longitudinal Effects of Sanctification of Marital Sexuality
5842,https://doi.org/10.1080/10503307.2016.1198875,PSYCHOTHERAPY RESEARCH,Counselors' attachment anxiety and avoidance and the congruence in clients' and therapists' working alliance ratings
7162,https://doi.org/10.1007/s40617-017-0202-z,BEHAVIOR ANALYSIS IN PRACTICE,Teaching Young Adults with Intellectual and Developmental Disabilities Community-Based Navigation Skills to Take Public Transportation
4848,https://doi.org/10.1002/bin.1631,BEHAVIORAL INTERVENTIONS,"Evaluating public posting, goal setting, and rewards to increase physical activity during school recess"
2312,https://doi.org/10.1007/s10896-017-9937-0,JOURNAL OF FAMILY VIOLENCE,Social Ecological Correlates of Family-Level Interpersonal and Environmental Microaggressions Toward Sexual and Gender Minority Adolescents
3279,https://doi.org/10.1016/j.brat.2018.07.009,BEHAVIOUR RESEARCH AND THERAPY,An experimental test of the impact of adolescent anxiety on parental sick role reinforcement behavior
1853,https://doi.org/NA,BEHAVIOR THERAPY,A Pilot Study of Emotion Regulation Therapy for Generalized Anxiety and Depression: Findings From a Diverse Sample of Young Adults
5744,https://doi.org/10.1017/S0033291717002781,PSYCHOLOGICAL MEDICINE,Trends in depression prevalence in the USA from 2005 to 2015: widening disparities in vulnerable groups
490,https://doi.org/10.1093/arclin/acy002,ARCHIVES OF CLINICAL NEUROPSYCHOLOGY,Visual Attention and Math Performance in Survivors of Childhood Acute Lymphoblastic Leukemia
3490,https://doi.org/10.1080/13803395.2018.1458822,JOURNAL OF CLINICAL AND EXPERIMENTAL NEUROPSYCHOLOGY,Brain's compensatory response to drug-induced cognitive impairment
589,https://doi.org/10.1016/j.aip.2017.12.004,ARTS IN PSYCHOTHERAPY,"""My body was telling me the direction:"" The bodily dimension in the dance/movement therapists' working experiences"
8255,https://doi.org/10.1111/bjhp.12281,BRITISH JOURNAL OF HEALTH PSYCHOLOGY,Adolescent temperament dimensions as stable prospective risk and protective factors for salivary C-reactive protein
6400,https://doi.org/10.1007/s11469-017-9869-1,INTERNATIONAL JOURNAL OF MENTAL HEALTH AND ADDICTION,Substance Abuse Among American Indians and Alaska Natives: An Integrative Cultural Framework for Advancing Research
722,https://doi.org/NA,JOURNAL OF SOCIAL AND CLINICAL PSYCHOLOGY,BIRDS OF A FEATHER WANT TO TALK TOGETHER: THE IMPACT OF DEPRESSIVE SYMPTOMS ON INITIAL STAGES OF FRIENDSHIP FORMATION IN OLDER ADOLESCENCE
273,https://doi.org/10.1080/0075417X.2018.1554691,JOURNAL OF CHILD PSYCHOTHERAPY,Who are you? Who am I to you? A mother and infant's experience of difference
4300,https://doi.org/10.1037/pas0000555,PSYCHOLOGICAL ASSESSMENT,A Rasch Analysis of the Neurobehavioral Symptom Inventory in a National Cohort of Operation Enduring and Iraqi Freedom Veterans With Mild Traumatic Brain Injury
2708,https://doi.org/10.1017/S1355617718000784,JOURNAL OF THE INTERNATIONAL NEUROPSYCHOLOGICAL SOCIETY,Childhood Executive Functioning Predicts Young Adult Outcomes in <i>22q11.2</i> Deletion Syndrome
4616,https://doi.org/10.1017/S1041610217002216,INTERNATIONAL PSYCHOGERIATRICS,Correlates of physical activity among community-dwelling individuals aged 65 years or older with anxiety in six low- and middle-income countries
7444,https://doi.org/10.1016/j.addbeh.2017.11.035,ADDICTIVE BEHAVIORS,"A randomized, controlled pilot study of warm handoff versus fax referral for hospital-initiated smoking cessation among people living with HIV/AIDS"
1390,https://doi.org/10.1177/2043808718778969,JOURNAL OF EXPERIMENTAL PSYCHOPATHOLOGY,"A pilot study of interpretive cognitive bias modification for OCD: Targeting memory, uncertainty, and perfectionism biases"
6241,https://doi.org/10.1007/s10608-017-9888-z,COGNITIVE THERAPY AND RESEARCH,Implicit Identification with Illness in Patients with Irritable Bowel Syndrome (IBS)
1720,https://doi.org/10.1002/jclp.22640,JOURNAL OF CLINICAL PSYCHOLOGY,Attachment-based interventions for families with young children
8518,https://doi.org/10.1016/j.addbeh.2017.09.011,ADDICTIVE BEHAVIORS,Transitioning from adequate to inadequate sleep duration associated with higher smoking rate and greater nicotine dependence in a population sample
2117,https://doi.org/10.1080/15299732.2017.1402400,JOURNAL OF TRAUMA & DISSOCIATION,"The trauma factor: Examining the relationships among different types of trauma, dissociation, and psychopathology"
1450,https://doi.org/10.1111/jabr.12120,JOURNAL OF APPLIED BIOBEHAVIORAL RESEARCH,Central sensitization in breast cancer survivors
1283,https://doi.org/10.1007/s10508-018-1278-4,ARCHIVES OF SEXUAL BEHAVIOR,A Cross-Sectional Multicenter Study of Multidimensional Body Image in Adolescents and Adults with Gender Dysphoria Before and After Transition-Related Medical Interventions
2066,https://doi.org/10.1177/1073191118754706,ASSESSMENT,Age-Neutrality of a Brief Assessment of the Section III Alternative Model for Personality Disorders in Older Adults
242,https://doi.org/10.1080/19317611.2018.1491923,INTERNATIONAL JOURNAL OF SEXUAL HEALTH,Women's Sexual Communication with Their Peers and Its Association with Sexual Wellbeing
7560,https://doi.org/NA,COGNITIVE AND BEHAVIORAL PRACTICE,Delivering Acceptance and Commitment Therapy for Weight Self-Stigma Through Guided Self-Help: Results From an Open Pilot Trial
7656,https://doi.org/10.1002/cpp.2124,CLINICAL PSYCHOLOGY & PSYCHOTHERAPY,Improving functional outcome in bipolar disorder: A pilot study on metacognitive training
5268,https://doi.org/10.1016/j.addbeh.2018.03.018,ADDICTIVE BEHAVIORS,Understanding the link between contingency management and smoking cessation: The roles of sex and self-efficacy
1843,https://doi.org/10.1016/j.jsat.2018.03.004,JOURNAL OF SUBSTANCE ABUSE TREATMENT,A randomized clinical trial of motivational enhancement therapy for alcohol problems in partner violent men
2722,https://doi.org/10.1186/s40337-018-0224-0,JOURNAL OF EATING DISORDERS,"The revised short-form of the Eating Beliefs Questionnaire: Measuring positive, negative, and permissive beliefs about binge eating"
7616,https://doi.org/10.1111/papt.12140,PSYCHOLOGY AND PSYCHOTHERAPY-THEORY RESEARCH AND PRACTICE,Does prolonged grief treatment foster posttraumatic growth? Secondary results from a treatment study with long-term follow-up and mediation analysis
1301,https://doi.org/10.1017/S0033291717003555,PSYCHOLOGICAL MEDICINE,Optical coherence tomography indices of structural retinal pathology in schizophrenia
180,https://doi.org/10.14718/ACP.2018.21.1.4,ACTA COLOMBIANA DE PSICOLOGIA,Long-term spatial memory in humans trained in a virtual maze
